{
  "IcoMoonType": "selection",
  "icons": [
    {
      "icon": {
        "paths": [
          "M1314.857 592c18.286 160.571-112.571 295.429-272 285.143-122.286-8-224-105.714-236.571-228-9.143-86.857 25.143-165.143 83.429-217.714l-40.571-61.143c-72 60-117.714 149.714-117.714 250.286 0 20.571-16 37.714-36.571 37.714h-185.714c-17.714 124-124 219.429-253.143 219.429-141.143 0-256-114.857-256-256s114.857-256 256-256c30.286 0 59.429 5.714 86.857 15.429l13.714-25.714c-44-39.429-101.714-62.857-173.714-62.857h-36.571c-20 0-36.571-16.571-36.571-36.571s16.571-36.571 36.571-36.571h73.143c128 0 193.143 52.571 219.429 73.143h358.286l-48.571-73.143h-126.857c-22.286 0-40-20-36-42.857 2.857-17.714 20-30.286 37.714-30.286h144.571c12 0 23.429 6.286 30.286 16l40 60 65.143-65.143c6.857-6.857 16.571-10.857 26.286-10.857h57.714c20 0 36.571 16.571 36.571 36.571v73.143c0 20-16.571 36.571-36.571 36.571h-102.286l65.714 98.286c46.286-22.286 100-31.429 157.143-20.571 109.143 20 194.286 111.429 206.857 221.714zM256 804.571c88.571 0 162.286-62.857 179.429-146.286h-179.429c-12.571 0-24.571-6.857-31.429-17.714-6.286-10.857-6.857-24.571-0.571-36l84-158.286c-16.571-4.571-33.714-7.429-52-7.429-100.571 0-182.857 82.286-182.857 182.857s82.286 182.857 182.857 182.857zM1060.571 804.571c100.571 0 182.857-82.286 182.857-182.857s-82.286-182.857-182.857-182.857c-24.571 0-47.429 5.143-69.143 13.714l99.429 148.571c11.429 17.143 6.857 40-9.714 50.857-6.286 4.571-13.714 6.286-20.571 6.286-12 0-23.429-5.714-30.286-16.571l-99.429-148.571c-32.571 33.143-53.143 78.286-53.143 128.571 0 100.571 82.286 182.857 182.857 182.857z"
        ],
        "attrs": [
          {}
        ],
        "width": 1333,
        "isMulticolor": false,
        "isMulticolor2": false,
        "tags": [
          "motorcycle"
        ],
        "grid": 32
      },
      "attrs": [
        {}
      ],
      "properties": {
        "order": 11,
        "id": 0,
        "name": "motorcycle_services",
        "prevSize": 28
      },
      "setIdx": 0,
      "setId": 5,
      "iconIdx": 0
    },
    {
      "icon": {
        "paths": [
          "M692 492l68-68-160-160-68 68-176-178q-24-24-60-24t-60 24l-82 82q-24 24-24 60t24 60l176 176-202 204v160h160l204-204 176 178q20 20 43 23t44-4 33-19l82-82q24-24 24-60t-24-60zM392 472l-176-176 80-80 54 54-50 50 60 60 50-50 62 62zM728 808l-176-176 80-80 62 62-50 50 60 60 50-50 54 54zM884 300q12-12 12-30t-12-30l-100-100q-16-14-34-11t-26 11l-78 78 160 160z"
        ],
        "attrs": [
          {}
        ],
        "isMulticolor": false,
        "isMulticolor2": false,
        "tags": [
          "design_services"
        ],
        "grid": 32
      },
      "attrs": [
        {}
      ],
      "properties": {
        "order": 1,
        "id": 7,
        "name": "design_services",
        "prevSize": 28
      },
      "setIdx": 3,
      "setId": 2,
      "iconIdx": 0
    },
    {
      "icon": {
        "paths": [
          "M810 874q62 0 106-43t44-105-44-106-106-44-105 44-43 106 43 105 105 43zM810 512q90 0 152 62t62 152-62 151-152 61-151-61-61-151 61-152 151-62zM460 448l94 98v264h-84v-212l-138-120q-24-16-24-60 0-36 24-60l120-120q16-24 60-24 38 0 68 24l82 82q64 64 152 64v86q-126 0-216-90l-34-34zM214 874q62 0 105-43t43-105-43-106-105-44-106 44-44 106 44 105 106 43zM214 512q90 0 151 62t61 152-61 151-151 61-152-61-62-151 62-152 152-62zM662 234q-34 0-60-25t-26-59 26-60 60-26 59 26 25 60-25 59-59 25z"
        ],
        "attrs": [
          {}
        ],
        "isMulticolor": false,
        "isMulticolor2": false,
        "tags": [
          "directions_bike"
        ],
        "grid": 32
      },
      "attrs": [
        {}
      ],
      "properties": {
        "order": 1,
        "id": 6,
        "name": "bike_services",
        "prevSize": 28
      },
      "setIdx": 3,
      "setId": 2,
      "iconIdx": 1
    },
    {
      "icon": {
        "paths": [
          "M214 470h596l-64-192h-468zM746 682q26 0 45-19t19-45-19-45-45-19-45 19-19 45 19 45 45 19zM278 682q26 0 45-19t19-45-19-45-45-19-45 19-19 45 19 45 45 19zM808 256l88 256v342q0 18-12 30t-30 12h-44q-18 0-30-12t-12-30v-44h-512v44q0 18-12 30t-30 12h-44q-18 0-30-12t-12-30v-342l88-256q12-42 62-42h468q50 0 62 42z"
        ],
        "attrs": [
          {}
        ],
        "isMulticolor": false,
        "isMulticolor2": false,
        "tags": [
          "directions_car"
        ],
        "grid": 32
      },
      "attrs": [
        {}
      ],
      "properties": {
        "order": 1,
        "id": 5,
        "name": "car_services",
        "prevSize": 28
      },
      "setIdx": 3,
      "setId": 2,
      "iconIdx": 2
    },
    {
      "icon": {
        "paths": [
          "M512 768v-170h-256v170h256zM896 598h-42v256h-86v-256h-170v256h-428v-256h-42v-86l42-214h684l42 214v86zM854 170v86h-684v-86h684z"
        ],
        "attrs": [
          {}
        ],
        "isMulticolor": false,
        "isMulticolor2": false,
        "tags": [
          "store_mall_directory",
          "store"
        ],
        "grid": 32
      },
      "attrs": [
        {}
      ],
      "properties": {
        "order": 1,
        "id": 4,
        "name": "store_services",
        "prevSize": 28
      },
      "setIdx": 3,
      "setId": 2,
      "iconIdx": 3
    }
  ],
  "height": 1024,
  "preferences": {
    "showGlyphs": true,
    "showQuickUse": true,
    "showQuickUse2": true,
    "showSVGs": true,
    "fontPref": {
      "prefix": "icon-",
      "metadata": {
        "fontFamily": "icomoon"
      },
      "metrics": {
        "emSize": 1024,
        "baseline": 6.25,
        "whitespace": 50
      },
      "embed": false
    },
    "imagePref": {
      "prefix": "icon-",
      "png": true,
      "useClassSelector": true,
      "color": 0,
      "bgColor": 16777215,
      "classSelector": ".icon",
      "name": "icomoon",
      "height": 32,
      "columns": 16,
      "margin": 16
    },
    "historySize": 50,
    "showCodes": true,
    "gridSize": 16,
    "showGrid": false
  }
}