{
  "IcoMoonType": "selection",
  "icons": [
    {
      "icon": {
        "paths": [
          "M512 1024c-282.77 0-512-229.23-512-512s229.23-512 512-512v0c282.77 0 512 229.23 512 512s-229.23 512-512 512v0zM358.4 307.2v102.4c0 84.831 68.769 153.6 153.6 153.6s153.6-68.769 153.6-153.6v0-102.4c0-84.831-68.769-153.6-153.6-153.6s-153.6 68.769-153.6 153.6v0zM171.52 739.328c74.541 110.327 199.152 181.904 340.48 181.904s265.938-71.577 339.558-180.457l0.922-1.447c-99.91-46.989-216.992-74.415-340.48-74.415s-240.569 27.426-345.486 76.519l5.006-2.104z"
        ],
        "attrs": [
          {}
        ],
        "isMulticolor": false,
        "isMulticolor2": false,
        "tags": [
          "user-solid-circle"
        ],
        "grid": 16
      },
      "attrs": [
        {}
      ],
      "properties": {
        "order": 1,
        "id": 0,
        "prevSize": 20,
        "name": "user-solid-circle"
      },
      "setIdx": 0,
      "setId": 3,
      "iconIdx": 0
    },
    {
      "icon": {
        "paths": [
          "M896 470v84h-604l152 154-60 60-256-256 256-256 60 60-152 154h604z"
        ],
        "attrs": [
          {}
        ],
        "isMulticolor": false,
        "isMulticolor2": false,
        "tags": [
          "keyboard_backspace"
        ],
        "grid": 16
      },
      "attrs": [
        {}
      ],
      "properties": {
        "order": 1,
        "id": 3,
        "name": "keyboard_backspace",
        "prevSize": 20
      },
      "setIdx": 1,
      "setId": 2,
      "iconIdx": 0
    },
    {
      "icon": {
        "paths": [
          "M470 298l-60 60 110 112h-434v84h434l-110 112 60 60 212-214zM854 810h-342v86h342q34 0 59-25t25-61v-596q0-36-25-61t-59-25h-342v86h342v596z"
        ],
        "attrs": [
          {}
        ],
        "isMulticolor": false,
        "isMulticolor2": false,
        "tags": [
          "login"
        ],
        "grid": 16
      },
      "attrs": [
        {}
      ],
      "properties": {
        "order": 2,
        "id": 2,
        "name": "login",
        "prevSize": 20
      },
      "setIdx": 1,
      "setId": 2,
      "iconIdx": 1
    },
    {
      "icon": {
        "paths": [
          "M854 342v-86l-342 214-342-214v86l342 212zM854 170q34 0 59 26t25 60v512q0 34-25 60t-59 26h-684q-34 0-59-26t-25-60v-512q0-34 25-60t59-26h684z"
        ],
        "attrs": [
          {}
        ],
        "isMulticolor": false,
        "isMulticolor2": false,
        "tags": [
          "email",
          "mail",
          "markunread",
          "local_post_office"
        ],
        "grid": 16
      },
      "attrs": [
        {}
      ],
      "properties": {
        "order": 1,
        "id": 1,
        "name": "email",
        "prevSize": 20
      },
      "setIdx": 1,
      "setId": 2,
      "iconIdx": 2
    },
    {
      "icon": {
        "paths": [
          "M512 598q108 0 225 47t117 123v86h-684v-86q0-76 117-123t225-47zM512 512q-70 0-120-50t-50-120 50-121 120-51 120 51 50 121-50 120-120 50z"
        ],
        "attrs": [
          {}
        ],
        "isMulticolor": false,
        "isMulticolor2": false,
        "tags": [
          "person"
        ],
        "grid": 16
      },
      "attrs": [
        {}
      ],
      "properties": {
        "order": 1,
        "id": 0,
        "prevSize": 20,
        "name": "person"
      },
      "setIdx": 1,
      "setId": 2,
      "iconIdx": 3
    },
    {
      "icon": {
        "paths": [
          "M1024 608l-192-192v-288h-128v160l-192-192-512 512v32h128v320h320v-192h128v192h320v-320h128z"
        ],
        "tags": [
          "home",
          "house"
        ],
        "defaultCode": 59650,
        "grid": 16,
        "attrs": []
      },
      "attrs": [],
      "properties": {
        "ligatures": "home3, house3",
        "name": "home3",
        "order": 11,
        "id": 3,
        "prevSize": 20
      },
      "setIdx": 2,
      "setId": 1,
      "iconIdx": 2
    },
    {
      "icon": {
        "paths": [
          "M512 0c-176.732 0-320 143.268-320 320 0 320 320 704 320 704s320-384 320-704c0-176.732-143.27-320-320-320zM512 512c-106.040 0-192-85.96-192-192s85.96-192 192-192 192 85.96 192 192-85.96 192-192 192z"
        ],
        "tags": [
          "location",
          "map-marker",
          "pin"
        ],
        "defaultCode": 59719,
        "grid": 16,
        "attrs": []
      },
      "attrs": [],
      "properties": {
        "ligatures": "location, map-marker",
        "name": "location",
        "order": 7,
        "id": 72,
        "prevSize": 20
      },
      "setIdx": 2,
      "setId": 1,
      "iconIdx": 71
    },
    {
      "icon": {
        "paths": [
          "M0 192l320-128v768l-320 128z",
          "M384 32l320 192v736l-320-160z",
          "M768 224l256-192v768l-256 192z"
        ],
        "tags": [
          "map",
          "guide"
        ],
        "defaultCode": 59723,
        "grid": 16,
        "attrs": []
      },
      "attrs": [],
      "properties": {
        "ligatures": "map, guide",
        "name": "map",
        "order": 8,
        "id": 76,
        "prevSize": 20
      },
      "setIdx": 2,
      "setId": 1,
      "iconIdx": 75
    },
    {
      "icon": {
        "width": 1152,
        "paths": [
          "M480 0v0c265.096 0 480 173.914 480 388.448s-214.904 388.448-480 388.448c-25.458 0-50.446-1.62-74.834-4.71-103.106 102.694-222.172 121.108-341.166 123.814v-25.134c64.252-31.354 116-88.466 116-153.734 0-9.106-0.712-18.048-2.030-26.794-108.558-71.214-177.97-179.988-177.97-301.89 0-214.534 214.904-388.448 480-388.448zM996 870.686c0 55.942 36.314 104.898 92 131.772v21.542c-103.126-2.318-197.786-18.102-287.142-106.126-21.14 2.65-42.794 4.040-64.858 4.040-95.47 0-183.408-25.758-253.614-69.040 144.674-0.506 281.26-46.854 384.834-130.672 52.208-42.252 93.394-91.826 122.414-147.348 30.766-58.866 46.366-121.582 46.366-186.406 0-10.448-0.45-20.836-1.258-31.168 72.57 59.934 117.258 141.622 117.258 231.676 0 104.488-60.158 197.722-154.24 258.764-1.142 7.496-1.76 15.16-1.76 22.966z"
        ],
        "tags": [
          "bubbles",
          "comments",
          "chat",
          "talk"
        ],
        "defaultCode": 59757,
        "grid": 16,
        "attrs": []
      },
      "attrs": [],
      "properties": {
        "ligatures": "bubbles2, comments2",
        "name": "bubbles2",
        "order": 9,
        "id": 110,
        "prevSize": 20
      },
      "setIdx": 2,
      "setId": 1,
      "iconIdx": 109
    },
    {
      "icon": {
        "paths": [
          "M592 448h-16v-192c0-105.87-86.13-192-192-192h-128c-105.87 0-192 86.13-192 192v192h-16c-26.4 0-48 21.6-48 48v480c0 26.4 21.6 48 48 48h544c26.4 0 48-21.6 48-48v-480c0-26.4-21.6-48-48-48zM192 256c0-35.29 28.71-64 64-64h128c35.29 0 64 28.71 64 64v192h-256v-192z"
        ],
        "tags": [
          "lock",
          "secure",
          "private",
          "encrypted"
        ],
        "defaultCode": 59791,
        "grid": 16,
        "attrs": []
      },
      "attrs": [],
      "properties": {
        "ligatures": "lock, secure",
        "name": "lock",
        "order": 5,
        "id": 144,
        "prevSize": 20
      },
      "setIdx": 2,
      "setId": 1,
      "iconIdx": 143
    },
    {
      "icon": {
        "paths": [
          "M768 64c105.87 0 192 86.13 192 192v192h-128v-192c0-35.29-28.71-64-64-64h-128c-35.29 0-64 28.71-64 64v192h16c26.4 0 48 21.6 48 48v480c0 26.4-21.6 48-48 48h-544c-26.4 0-48-21.6-48-48v-480c0-26.4 21.6-48 48-48h400v-192c0-105.87 86.13-192 192-192h128z"
        ],
        "tags": [
          "unlocked",
          "lock-open"
        ],
        "defaultCode": 59792,
        "grid": 16,
        "attrs": []
      },
      "attrs": [],
      "properties": {
        "ligatures": "unlocked, lock-open",
        "name": "unlocked",
        "order": 6,
        "id": 145,
        "prevSize": 20
      },
      "setIdx": 2,
      "setId": 1,
      "iconIdx": 144
    },
    {
      "icon": {
        "paths": [
          "M992 384h-352v-352c0-17.672-14.328-32-32-32h-192c-17.672 0-32 14.328-32 32v352h-352c-17.672 0-32 14.328-32 32v192c0 17.672 14.328 32 32 32h352v352c0 17.672 14.328 32 32 32h192c17.672 0 32-14.328 32-32v-352h352c17.672 0 32-14.328 32-32v-192c0-17.672-14.328-32-32-32z"
        ],
        "tags": [
          "plus",
          "add",
          "sum"
        ],
        "defaultCode": 59914,
        "grid": 16,
        "attrs": []
      },
      "attrs": [],
      "properties": {
        "ligatures": "plus, add",
        "name": "plus",
        "order": 12,
        "id": 267,
        "prevSize": 20
      },
      "setIdx": 2,
      "setId": 1,
      "iconIdx": 266
    },
    {
      "icon": {
        "paths": [
          "M889.68 166.32c-93.608-102.216-228.154-166.32-377.68-166.32-282.77 0-512 229.23-512 512h96c0-229.75 186.25-416 416-416 123.020 0 233.542 53.418 309.696 138.306l-149.696 149.694h352v-352l-134.32 134.32z",
          "M928 512c0 229.75-186.25 416-416 416-123.020 0-233.542-53.418-309.694-138.306l149.694-149.694h-352v352l134.32-134.32c93.608 102.216 228.154 166.32 377.68 166.32 282.77 0 512-229.23 512-512h-96z"
        ],
        "tags": [
          "loop",
          "repeat",
          "player",
          "reload",
          "refresh",
          "update",
          "synchronize",
          "arrows"
        ],
        "defaultCode": 59950,
        "grid": 16,
        "attrs": []
      },
      "attrs": [],
      "properties": {
        "ligatures": "loop2, repeat2",
        "name": "loop2",
        "order": 10,
        "id": 303,
        "prevSize": 20
      },
      "setIdx": 2,
      "setId": 1,
      "iconIdx": 302
    }
  ],
  "height": 1024,
  "preferences": {
    "showGlyphs": true,
    "showQuickUse": true,
    "showQuickUse2": true,
    "showSVGs": true,
    "fontPref": {
      "prefix": "icon-",
      "metadata": {
        "fontFamily": "icomoon"
      },
      "metrics": {
        "emSize": 1024,
        "baseline": 6.25,
        "whitespace": 50
      },
      "embed": false
    },
    "imagePref": {
      "prefix": "icon-",
      "png": true,
      "useClassSelector": true,
      "color": 16777215,
      "bgColor": 16777215,
      "classSelector": ".icon",
      "name": "icomoon",
      "height": 32,
      "columns": 16,
      "margin": 16
    },
    "historySize": 50,
    "showCodes": true,
    "gridSize": 16,
    "showGrid": false
  }
}